Gender,Married,Dependents,Education,Self_Employed,ApplicantIncome,CoapplicantIncome,LoanAmount,Loan_Amount_Term,Credit_History,Property_Area,Loan_Status
1,1,0,0,0,-0.8925304535371993,1.6041820882420446,-0.15412760308104387,-1.3102900479100337,1.0,0,1
0,0,1,0,1,-1.6775578291115172,-0.44291545627190254,0.4032749170086234,-0.139517108600994,1.0,2,1
1,0,3,0,0,-0.8552968790966157,-0.2373156594098496,0.5861726189130455,-1.3102900479100337,0.0,2,0
1,0,1,1,0,-1.1452295974693785,0.1128133319829372,1.7271059022215831,-0.139517108600994,1.0,1,1
1,1,0,0,0,0.42250943870706165,-1.4537297755763814,1.5006611284351559,1.6166423003625654,1.0,2,1
0,1,1,0,0,-0.31482461614776647,1.1201359464456029,-0.25864057559785647,1.6166423003625654,1.0,0,1
1,1,0,1,1,-0.48998633741541775,-0.8445299778812274,-1.2602232288839774,0.4458693610535258,1.0,0,1
1,0,1,0,0,0.21125899085024927,-1.2073249574256892,1.187122210884718,-0.7249035782555138,1.0,2,1
1,0,0,1,0,0.3398982585191839,-1.4342857721435398,1.1784127965083169,-0.139517108600994,0.0,1,0
0,0,0,1,1,-1.0682125601918608,-0.5745048034476821,-0.6679830512887058,0.4458693610535258,1.0,1,1
1,1,0,1,0,-0.0401912281531052,1.463623852158863,1.2567975258959263,-0.7249035782555138,1.0,2,1
1,0,3,0,0,-0.1683101104350296,1.1235591864865961,1.2567975258959263,-0.139517108600994,1.0,1,1
1,0,1,0,1,0.5597350652616655,0.11021166955178235,1.53549878594076,-1.3102900479100337,1.0,1,1
1,0,1,0,0,-0.6853650309684174,0.569062764646514,0.28134311573900866,-0.7249035782555138,1.0,1,1
0,0,1,1,1,-0.2488137298055158,1.3234079400797805,1.3874387415419422,1.6166423003625654,0.0,0,0
1,1,0,0,1,1.6431774410170132,1.7993067705786583,1.1784127965083169,0.4458693610535258,1.0,0,1
0,1,1,1,1,-0.7477072003322458,-1.5238377316159226,-0.3979912056202733,-0.7249035782555138,1.0,2,1
0,0,1,0,1,1.1630438636920029,0.6949695333542446,-1.1295820132379615,-0.7249035782555138,1.0,0,1
0,1,0,1,0,-0.527454085280156,-1.5346551701454612,0.8822927077106812,1.6166423003625654,1.0,1,1
1,1,2,0,1,-0.5005501607717259,-1.506995390614236,1.1348657246263116,-0.139517108600994,1.0,0,1
0,0,0,0,0,-1.5221187140115544,0.1800457663880441,1.1522845533791137,-1.3102900479100337,1.0,2,1
1,0,1,0,0,-0.20645435930288117,-1.0339720817497924,-1.565052732058014,1.6166423003625654,1.0,0,1
0,1,0,1,0,0.731045934665441,-0.23587789859263245,-0.03219580181142915,-1.3102900479100337,1.0,1,1
0,0,2,1,0,1.466142332356125,-0.5056976786237183,0.8213268070758739,-0.139517108600994,1.0,1,1
0,1,0,0,0,1.2786474774163306,-1.0636858053056135,0.13328307134019082,-0.7249035782555138,0.0,2,0
0,0,1,0,0,1.1065039913933388,-0.9440093334724905,-0.6854018800415079,-1.3102900479100337,1.0,0,1
0,1,2,1,0,-1.3884317080886204,1.356955692481514,-1.4866680026704047,0.4458693610535258,1.0,0,1
0,0,3,1,0,0.5389716883199563,0.22447942212013614,1.361310498412739,0.4458693610535258,1.0,0,1
0,1,1,1,0,1.2583784665922813,0.896324512565466,0.18553955759859714,1.6166423003625654,1.0,1,1
0,1,2,0,0,0.1805042144779433,0.20366612267089734,-0.18896526058664806,-0.139517108600994,1.0,2,1
1,1,2,1,1,-0.05216009205434102,0.046334010386848826,1.1348657246263116,1.6166423003625654,1.0,0,1
1,0,3,0,1,-1.6131080989302973,-0.025211706469909525,-1.2079667426255711,1.6166423003625654,1.0,1,1
0,1,0,1,1,-1.2205033437004116,0.6472495671827991,1.7532341453507863,1.6166423003625654,1.0,1,1
0,1,0,0,0,-0.44968248919147363,-0.5822413259403267,0.9171303652162854,0.4458693610535258,1.0,1,1
0,0,1,1,1,1.4072347065465642,-0.8079697742434198,1.1087374814971085,0.4458693610535258,1.0,0,1
1,0,3,1,1,1.4112937125652443,0.5942578113482241,-0.5808889075246954,1.6166423003625654,0.0,0,0
0,1,0,1,1,1.1011440219071331,1.771578526246613,0.7342326633118633,0.4458693610535258,1.0,0,1
1,1,3,1,0,-1.3920744057976921,-0.9553060256077681,0.09844541383458662,-0.139517108600994,1.0,0,1
1,0,0,1,0,0.896398391387949,1.4361694670300973,0.01135127007057611,1.6166423003625654,1.0,0,1
1,0,2,0,0,-0.168127975549576,0.45109791283388745,-0.20638408933945016,0.4458693610535258,1.0,0,1
1,0,0,1,0,0.13999221209919507,-1.567518274538996,-0.35444413373826805,-1.3102900479100337,1.0,0,1
1,0,3,1,1,-0.5979923244893959,0.5059382182905989,-1.373445615777191,1.6166423003625654,0.0,0,0
0,0,2,1,1,0.5868211246555491,-0.4957702825048379,-0.0757428736934344,1.6166423003625654,0.0,0,0
0,1,2,0,1,-0.7354781437375049,0.44842778560191277,0.8126173926994729,-0.139517108600994,1.0,1,1
0,0,2,1,1,0.4235502094810822,-0.10867029866932429,-1.181838499496368,-0.7249035782555138,0.0,0,0
0,1,3,0,0,1.6212171776851805,1.568032673409156,0.2552148726098055,-0.7249035782555138,0.0,2,0
0,1,1,1,0,0.273262909712521,0.20092753063810276,0.9606774370982907,-0.139517108600994,0.0,1,0
1,1,1,1,0,0.25335816865937877,-0.3185149131822088,-0.25864057559785647,-0.139517108600994,0.0,0,0
0,0,1,0,1,-0.8911514322616222,1.3824245983865036,-1.5127962457996078,-0.139517108600994,1.0,2,1
0,1,3,1,0,1.4011982360572452,-0.5102848202786492,1.544208200317161,-0.7249035782555138,1.0,0,1
1,1,2,0,0,1.6179647690163663,1.558584530896015,0.6210102764186497,-0.139517108600994,1.0,2,1
0,0,1,0,1,-0.8213417325941966,1.5402359642762913,0.7777797351938686,0.4458693610535258,1.0,2,1
1,1,3,1,1,1.1706154710730021,-0.9718060426053554,-0.694111294417909,1.6166423003625654,0.0,2,0
0,1,1,0,0,1.026728911564667,-1.5714892329865482,1.1697033821319158,1.6166423003625654,1.0,2,1
1,0,0,1,0,-0.7704220224752434,-0.7378618182038786,-1.4169926876591963,-1.3102900479100337,1.0,1,1
0,1,1,1,0,0.6054509215105163,1.2600779993214057,-0.5025041781370859,-1.3102900479100337,0.0,1,0
0,1,1,0,0,0.0007891210739522631,-1.3324101485235815,-1.0947443557323573,1.6166423003625654,0.0,2,0
1,1,2,0,0,0.4142353110535986,0.860996675342416,-1.1121631844851594,0.4458693610535258,0.0,0,0
1,0,3,0,0,1.6107314121369238,-0.22766212249424872,0.8648738789578791,-0.7249035782555138,1.0,2,1
1,0,2,0,1,-1.027518422927659,0.15587769169863194,-1.4605397595412015,-0.7249035782555138,1.0,1,1
1,0,2,1,1,-1.2493847326794807,0.08385272123613455,-1.356026787024389,0.4458693610535258,1.0,0,1
1,1,2,1,1,-1.265490660407448,0.44993401121994975,-1.6695657045748267,-0.7249035782555138,1.0,1,1
1,1,2,0,0,0.387201290198416,0.13800837868464733,1.7967812172327915,-0.139517108600994,1.0,1,1
1,0,2,1,1,-0.4305323069494963,-0.3725336410290819,-1.356026787024389,1.6166423003625654,1.0,0,1
1,1,1,1,0,0.30131168207237363,1.3701693990397479,-0.4502476918786796,1.6166423003625654,1.0,2,1
0,1,2,1,0,0.07122328320579006,1.4758105867047988,0.34230901637381606,0.4458693610535258,1.0,2,1
0,0,2,1,1,-1.2915099297579606,-1.1700801057796828,-0.4937947637606849,-0.7249035782555138,1.0,2,1
1,0,3,0,0,0.7006294087946916,-0.7058887562210019,1.709687073468781,-1.3102900479100337,1.0,2,1
0,1,0,0,0,-0.6572642200698637,0.3744173359156393,-0.0409052161878302,-1.3102900479100337,1.0,0,1
0,1,1,1,1,-1.0912396135670646,-1.239708808213485,-0.5634700787718933,-0.7249035782555138,1.0,0,1
0,1,1,0,1,0.67669168099222,0.7069508734977209,0.07231717070538346,-1.3102900479100337,1.0,0,1
0,0,1,0,1,-0.19924702169278916,1.117602748815268,-0.5721794931482943,0.4458693610535258,1.0,1,1
1,0,2,0,0,-1.5150935112869162,-0.3307016477281447,0.5600443757838424,0.4458693610535258,1.0,0,1
0,0,2,1,1,-1.2469389213605324,-0.8285092144893792,-0.24993116122145542,-0.7249035782555138,1.0,2,1
1,0,2,1,1,1.2168517127088632,1.253916167247618,-1.373445615777191,-1.3102900479100337,0.0,1,0
0,1,3,1,0,-1.5947905333075363,-0.5148034971327602,0.01135127007057611,0.4458693610535258,1.0,2,1
0,0,0,0,1,-0.014119920263891498,-1.1724079090075583,-0.014776973058627045,0.4458693610535258,1.0,2,1
0,0,2,1,1,0.7380971566594299,-1.1337937613451547,-0.7724960238055185,-0.139517108600994,1.0,0,1
1,0,0,1,1,1.530097696419685,-0.37534069786269636,-1.4779585882940036,-0.139517108600994,0.0,0,0
0,0,3,0,0,-0.8779076241622112,-0.8516503171664933,0.6297196907950507,0.4458693610535258,1.0,2,1
1,0,1,1,0,1.5933505402107815,1.176071688715432,0.847455050205077,-0.7249035782555138,1.0,2,1
0,1,2,1,0,-0.25750416576858703,0.6204113652614123,1.6661400015867758,1.6166423003625654,0.0,1,0
1,1,0,0,0,1.149956171208695,-0.9871421579890051,0.5861726189130455,1.6166423003625654,1.0,0,1
0,0,0,0,1,-0.7072992750308996,-0.7506647359571933,1.4396952278003485,0.4458693610535258,1.0,1,1
1,1,2,0,0,-0.8263114130401445,0.27219938829158163,-1.025069040721149,0.4458693610535258,1.0,1,1
1,0,1,1,0,0.2778423011182112,-0.07580719427578936,1.4135669846711454,0.4458693610535258,1.0,1,1
0,0,1,1,1,-0.9014030243857242,-1.5371199029749762,-1.051197283850352,-0.7249035782555138,1.0,2,1
1,1,1,1,1,-0.29655908906370654,0.9452083803508492,0.5774632045366445,-0.139517108600994,1.0,1,1
0,1,3,0,1,-1.387547052930703,-0.9867998339849058,1.7880718028563904,0.4458693610535258,0.0,1,0
0,0,0,0,0,1.1886728440022578,-0.8936877048698901,-0.0409052161878302,0.4458693610535258,0.0,2,0
0,0,0,1,0,1.2152385180091312,-1.6010660269407295,-0.17154643183384596,-1.3102900479100337,1.0,0,1
0,0,0,1,0,1.1784993096862073,-1.477623991062514,0.847455050205077,-0.7249035782555138,1.0,0,1
0,1,3,0,1,-1.280009412705034,-0.879583955900998,-1.2863514720131806,0.4458693610535258,1.0,1,1
0,0,0,0,1,-0.8920360874195395,1.0661172185987298,-1.1470008419907636,-1.3102900479100337,0.0,2,0
0,0,3,0,0,-0.28690594013466636,1.0274346061355064,-0.9553937257099405,1.6166423003625654,0.0,0,0
0,0,1,0,1,0.06133596085259525,0.35976586854018827,-0.6070171506538985,0.4458693610535258,1.0,1,1
0,1,2,1,1,1.5683200030955882,-0.1433134878841757,1.4396952278003485,0.4458693610535258,0.0,1,0
0,0,0,0,1,1.2943110775653393,0.8939967093375906,-1.538924488928811,-1.3102900479100337,1.0,2,1
0,0,0,1,0,1.3228542160428516,1.2511091104140035,-1.1034537701087583,-0.7249035782555138,1.0,1,1
1,1,1,1,1,0.1714495087439649,0.11466188160507355,-0.4154100343730754,0.4458693610535258,1.0,0,1
1,0,2,1,1,-0.034753200858848046,-0.9411338118380561,1.5877552721991663,1.6166423003625654,1.0,2,1
0,0,3,0,0,-1.4283192480029563,0.66196949935907,-0.2673499899742575,0.4458693610535258,1.0,0,1
0,1,2,0,0,-0.7616535287041206,-0.07642337748316813,0.35972784512661815,1.6166423003625654,1.0,0,1
0,0,1,0,1,1.5625177060304238,1.6230099084675074,1.6313023440811716,-0.139517108600994,1.0,0,1
0,1,1,0,1,-0.23681884663492947,0.9486316203918425,-0.42411944874947644,-0.139517108600994,0.0,1,0
0,1,2,1,0,0.21188345331466157,-1.175557289845272,1.4396952278003485,1.6166423003625654,1.0,1,1
0,0,3,0,0,-0.5343752109273924,-0.9593454488561401,-0.0409052161878302,-0.7249035782555138,1.0,0,1
0,0,3,0,1,0.21903875238605255,0.32423263691467863,1.1261563102499106,0.4458693610535258,1.0,0,1
0,0,0,1,1,1.5583025843956408,1.4235719436792422,-1.565052732058014,0.4458693610535258,1.0,2,1
1,0,3,0,1,-1.4561598662080049,-1.0517044651621372,-0.0757428736934344,-0.139517108600994,1.0,2,1
0,1,2,1,1,-0.31971623878566285,1.7281033777259993,-0.7115301231707112,1.6166423003625654,1.0,1,1
1,0,1,1,0,0.829815081119987,-0.45852543085883163,0.847455050205077,0.4458693610535258,1.0,1,1
0,1,0,1,1,1.7194139002140154,0.02819083816958475,0.8910021220870823,0.4458693610535258,1.0,2,1
0,0,0,1,1,0.7811590474345284,0.6586147241188967,1.7358153165979842,-0.7249035782555138,1.0,0,1
1,0,1,1,0,-0.5938292413933138,1.4622545561424656,0.19424897197499819,-1.3102900479100337,1.0,1,1
0,0,3,1,1,-0.44354194162475263,0.4091289899313106,-0.6331453937831016,-0.139517108600994,1.0,0,1
1,1,1,1,0,-1.4343036799535742,-0.8962893673010449,1.6487211728339737,-0.139517108600994,1.0,2,1
0,0,3,1,1,0.08480534180675768,-0.16535915374817206,-1.19925732824917,-1.3102900479100337,1.0,1,1
0,0,1,0,1,-1.0422973679187504,-1.103806178586054,-1.4431209307883994,0.4458693610535258,0.0,1,0
1,0,2,0,0,-0.9540920448205124,-0.054377711619171785,-0.6505642225359037,-0.7249035782555138,1.0,2,1
0,0,3,0,0,-1.7027965203815145,-1.4436654498558612,0.2465054582334045,-0.7249035782555138,1.0,1,1
1,1,2,0,1,0.6005853181419704,-0.3956747437061961,0.333599601997415,-0.139517108600994,1.0,2,1
0,0,0,1,1,1.5437578128287042,-0.5694384081870121,-1.2166761570019722,-0.7249035782555138,1.0,1,1
1,1,1,0,1,0.0772337344257585,-1.152895440773897,0.8910021220870823,-1.3102900479100337,1.0,2,1
1,1,0,1,0,-0.4988328889945921,-1.4338749833386206,1.1174468958735095,0.4458693610535258,0.0,1,0
0,1,0,0,1,0.4107487289606299,-1.6020245341522077,0.3510184307502171,-1.3102900479100337,0.0,0,0
0,1,0,0,0,0.8557562926624482,-1.429630165687789,-0.3021876474798617,1.6166423003625654,0.0,0,0
1,1,0,0,0,0.19075580660204527,-0.17528654986705242,0.6645573483006549,-0.139517108600994,1.0,0,1
0,1,1,1,1,0.965219358820055,-0.9933724548636127,-1.4953774170468057,-0.7249035782555138,1.0,1,1
0,0,0,0,0,-0.4532471290924939,-0.5821728611395068,-1.2166761570019722,1.6166423003625654,1.0,1,1
0,1,1,1,1,-0.9457918978976988,1.5882297896510162,0.7168138345590612,-0.7249035782555138,1.0,0,1
1,1,1,1,1,-1.220269170276257,1.0193557596387623,1.0477715808623012,0.4458693610535258,1.0,0,1
1,1,2,0,1,0.853466596959603,-1.1911672644322011,0.7690703208174675,0.4458693610535258,1.0,2,1
1,0,3,0,1,1.4463156491110343,-0.7826377979400699,0.18553955759859714,0.4458693610535258,0.0,2,0
1,0,3,0,1,-0.24400016497567095,-0.10476780502259202,-1.4082832732827952,-0.7249035782555138,1.0,2,1
1,1,1,1,0,0.6824159202493327,-1.0100778662636596,1.2567975258959263,1.6166423003625654,1.0,0,1
1,0,2,0,0,-1.580818185666311,1.3229971512748613,-0.08445228806983546,0.4458693610535258,1.0,0,1
1,1,1,1,1,1.4132971963052336,-1.0316442785219169,-1.4779585882940036,1.6166423003625654,1.0,0,1
1,1,1,1,1,1.3022469547172457,1.7824644295769716,-1.3995738589063942,-0.7249035782555138,1.0,2,1
1,0,1,0,0,0.2838267330688291,-0.010765633496918127,-1.03377845509755,1.6166423003625654,1.0,1,1
0,1,2,0,0,-1.4298023463559355,-1.3207711323842046,-1.5911809751872172,-0.7249035782555138,1.0,0,1
1,0,3,1,0,-1.45540530739684,1.6552568296536634,-1.2079667426255711,-0.7249035782555138,1.0,1,1
0,0,2,1,0,-1.209419134957093,0.7515899236322725,-1.2253855713783732,-0.139517108600994,0.0,1,0
0,1,0,1,1,1.3728372324651865,-0.35528051122247606,-0.38928179124387224,-0.7249035782555138,0.0,1,0
0,1,2,0,1,1.3949796306824729,-1.3317939653162028,-0.2847688187270596,-0.7249035782555138,1.0,2,1
1,0,2,1,0,-1.5577390937524063,-0.56539898493864,1.544208200317161,-1.3102900479100337,1.0,1,1
1,1,2,0,1,1.5307221588840974,-0.28825347121982875,-1.556343317681613,0.4458693610535258,0.0,0,0
1,1,2,1,0,-0.7822868092990771,1.291845666901823,-0.1279993599518407,-0.139517108600994,0.0,2,0
1,1,3,1,1,-0.9098592869246408,-0.12065163881280057,1.509370542811557,-0.139517108600994,1.0,0,1
0,0,0,0,0,1.6741143522747728,0.04955185602538246,-1.2166761570019722,-0.139517108600994,1.0,0,1
1,0,3,1,1,0.4882601323558072,-1.2642192069069964,1.2393786971431242,-1.3102900479100337,1.0,2,1
1,1,3,0,0,1.617340306551954,-0.8988225649313799,-1.4866680026704047,-0.7249035782555138,0.0,0,0
1,0,2,0,0,-0.7177069827711047,1.7057153878579034,-1.4169926876591963,0.4458693610535258,0.0,0,0
1,0,1,1,1,-1.237936254165255,0.33032600418764657,-0.014776973058627045,1.6166423003625654,1.0,2,1
1,0,1,0,0,-0.7705781380913465,-1.1166775611401887,0.5861726189130455,-0.7249035782555138,0.0,0,0
0,0,3,0,1,0.6432569198768112,1.688325328449658,0.10715482821098767,-1.3102900479100337,1.0,1,1
1,0,3,1,1,0.4608358224603668,-0.8584283324476599,-1.164419670743566,-0.7249035782555138,0.0,0,0
0,1,2,0,0,0.647003694663285,-0.6567994940331591,0.6210102764186497,-0.7249035782555138,1.0,1,1
1,1,3,0,1,-0.005221330146016164,-0.6746688070471437,-1.5737621464344151,-1.3102900479100337,0.0,0,0
0,1,2,0,1,-1.4380504547400481,0.3946144521574993,-0.6418548081595027,-0.139517108600994,1.0,2,1
1,0,1,1,1,-0.09683517752917128,-0.7165692651489007,0.847455050205077,-0.139517108600994,1.0,2,1
1,0,1,0,1,0.8641865359320143,-1.3040657209841575,1.2655069402723274,0.4458693610535258,1.0,0,1
0,1,0,1,1,-1.0533035188540172,0.7317351313945119,0.4816596463962329,0.4458693610535258,0.0,2,0
0,0,1,1,0,0.5676709424135719,-0.6435857874749252,1.4048575702947443,-0.139517108600994,0.0,0,0
0,1,3,0,1,-0.8080719052254351,0.5555751988850006,-0.5721794931482943,1.6166423003625654,0.0,2,0
1,1,1,0,1,-0.5364567524754335,1.364623750173339,-1.025069040721149,-0.7249035782555138,0.0,1,0
0,1,2,0,1,-0.06550797723115402,1.7730162870638304,1.4658234709295517,1.6166423003625654,1.0,0,1
1,0,1,1,1,0.21362674436114593,1.771578526246613,0.09844541383458662,-0.7249035782555138,1.0,1,1
1,0,0,0,1,-0.8820707072582933,-1.1450219886796125,-1.2515138145075764,-0.139517108600994,1.0,1,1
0,1,1,0,0,-0.6554168519459773,-0.8148162543254063,-0.9902313832155447,0.4458693610535258,1.0,0,1
0,1,2,0,1,0.3270967779987317,1.6193128092232345,0.4206937457614255,0.4458693610535258,1.0,1,1
1,1,2,0,0,1.206496043507359,1.5878874656469169,1.361310498412739,1.6166423003625654,1.0,0,1
1,1,3,0,0,-1.0778396898515505,0.4074858347116338,-0.33702530498546596,0.4458693610535258,1.0,1,1
0,0,1,1,0,-1.533306999832275,-0.8421337098525322,0.7081044201826602,-0.139517108600994,1.0,0,1
0,0,2,1,0,-1.171951387092355,0.6269839861401193,-0.8421713388167269,1.6166423003625654,1.0,0,1
0,1,0,0,1,1.6876703916063898,0.23392756463327743,0.18553955759859714,-0.7249035782555138,1.0,2,1
1,1,3,0,0,1.0033115691492056,0.6345151142303044,0.8822927077106812,0.4458693610535258,0.0,0,0
1,0,0,0,0,1.5407135583146943,-1.2127336766904584,0.14199248571659187,-1.3102900479100337,1.0,0,1
1,0,1,0,1,0.23077344286313378,0.6313657333925906,1.3090540121543328,0.4458693610535258,0.0,1,0
1,1,1,1,1,-0.03490931647495112,-1.046227281096548,-0.9118466538279353,-0.7249035782555138,1.0,0,1
1,1,1,0,1,-0.9280207369312986,-0.5950442436936414,0.9868056802274938,1.6166423003625654,1.0,2,1
1,1,3,1,0,1.3867315222983603,-0.5003574241597688,0.6210102764186497,-0.7249035782555138,1.0,1,1
0,0,2,1,1,-1.5546428006996953,1.166075827795732,1.718396487845182,-1.3102900479100337,1.0,1,1
1,0,3,0,1,-0.9001540994568995,0.04332155915077479,1.1522845533791137,-0.139517108600994,1.0,2,1
1,0,0,1,0,1.2605901044870749,-1.243748231461857,1.6051741009519684,0.4458693610535258,1.0,1,1
1,1,3,1,1,-1.4183798871110604,-0.1620043785079987,1.1087374814971085,1.6166423003625654,1.0,1,1
0,1,0,1,1,-1.0985770475239092,0.0018318898539369328,-0.31089706185626276,-0.139517108600994,1.0,1,1
1,0,3,1,1,-0.40201518774133443,0.8045816794668477,-0.3196064762326638,-0.7249035782555138,1.0,1,1
1,0,2,0,1,0.9267368594506468,-0.9765301138619261,-0.4676665206314817,1.6166423003625654,1.0,2,1
0,1,0,0,0,-1.2568262437137272,0.5518096348399081,-0.6244359794067006,-0.139517108600994,1.0,2,1
1,0,1,1,1,-0.8801973198650563,-0.9349035149634485,-1.1121631844851594,1.6166423003625654,1.0,1,1
1,0,1,0,1,-0.6646016540267083,-1.5584124560299542,-0.7463677806763154,-1.3102900479100337,0.0,1,0
1,1,3,0,0,1.6471323699582912,0.38509784484353815,-0.3979912056202733,-1.3102900479100337,1.0,2,1
1,0,1,0,1,-1.500886990221536,-1.5095285882445708,-0.4850853493842838,0.4458693610535258,1.0,2,1
1,1,0,0,0,1.172644974082342,0.47389669150690233,-0.2673499899742575,0.4458693610535258,0.0,2,0
0,1,1,0,1,-1.3993077626771346,1.7986905873712795,-0.8073336813111227,-1.3102900479100337,1.0,1,1
0,1,2,1,0,-0.974985518108974,-0.6795298079053541,1.2655069402723274,1.6166423003625654,1.0,1,1
0,1,2,0,0,-0.2745467871931728,1.4623914857441054,1.7967812172327915,-1.3102900479100337,1.0,0,1
1,1,3,0,0,-0.7906910332992927,1.3286112649420903,0.9955150946038949,0.4458693610535258,1.0,2,1
1,1,0,0,0,0.32686260457457705,-1.0741609198310529,-0.4502476918786796,-1.3102900479100337,1.0,1,1
1,1,2,0,1,1.3466618474985708,-0.4965233953138564,-0.9553937257099405,-1.3102900479100337,0.0,2,0
0,0,2,1,0,0.5364738384623071,-1.1217439564008587,-0.13670877432824177,1.6166423003625654,1.0,1,1
1,1,0,1,1,-0.13284584631028082,-1.4717360181920056,0.046188927576180316,-0.139517108600994,1.0,2,1
1,1,1,1,0,-0.6694412381259037,-1.1072294186270473,-0.70282070879431,0.4458693610535258,1.0,1,1
0,0,1,1,0,-0.5916176034985203,-0.249228534752506,-1.190547913872769,1.6166423003625654,1.0,0,1
1,0,3,0,0,0.8165452537512256,0.48334483402004363,-0.11928994557543966,-1.3102900479100337,1.0,0,1
0,0,1,1,1,1.0184287646418535,1.5652940813763616,-0.0583240449406323,-1.3102900479100337,1.0,2,1
0,1,0,0,0,1.4105651730234299,0.14334863314859675,0.22037721510420133,-0.139517108600994,1.0,1,1
0,0,2,0,1,-0.5389806216024331,-0.9839927771512913,1.0738998239915043,0.4458693610535258,1.0,1,1
1,1,1,0,1,-0.9759742503442935,-0.17658738108262984,0.21166780072780028,0.4458693610535258,1.0,2,1
1,1,3,0,1,0.8250275355594927,1.8032777290262103,-0.6331453937831016,-0.7249035782555138,1.0,1,1
1,1,1,0,1,1.4994469971247812,1.4073457858849343,1.7532341453507863,0.4458693610535258,0.0,2,0
1,1,0,1,1,-0.6266135207749598,1.5436592043172843,-0.15412760308104387,-0.139517108600994,1.0,1,1
1,0,3,1,1,0.829711004042585,0.0213443580875983,-1.4779585882940036,-0.7249035782555138,1.0,2,1
1,0,1,1,1,-0.48915372079620134,0.6551914840779034,0.1768301432221961,-0.7249035782555138,1.0,1,1
1,1,3,1,1,-0.28172810553391436,0.5911084305105103,0.3684372595030192,-1.3102900479100337,1.0,2,1
0,1,0,0,1,-1.101621302037919,0.7308450889838536,-1.565052732058014,-1.3102900479100337,1.0,1,1
1,1,2,1,0,0.860517818953592,0.2337906350316377,-0.7986242669347217,0.4458693610535258,1.0,0,1
0,0,0,0,0,-1.385257357227858,-1.1611112168722806,-1.4692491739176026,-0.7249035782555138,1.0,1,1
1,1,0,1,0,-0.22484998273369364,1.4431528767137234,1.4919517140587548,-1.3102900479100337,0.0,2,0
1,1,0,0,0,-0.8659127409916249,-1.1791859242887248,-1.5824715608108162,-0.139517108600994,1.0,0,1
1,0,0,0,0,-0.22451173223213697,1.7895163040614177,0.6993950058062591,-1.3102900479100337,1.0,1,1
0,0,2,1,1,0.14514402743059657,1.3224494328683023,0.7690703208174675,-1.3102900479100337,0.0,0,0
0,1,2,0,1,0.8695725246875704,1.518121833611475,-0.859590167569529,-0.7249035782555138,0.0,1,0
0,0,3,0,1,0.8098062629894428,0.21284040598075918,0.07231717070538346,-0.7249035782555138,0.0,0,0
0,0,1,1,1,-1.0130777284381245,-0.027950298502704102,-1.4953774170468057,1.6166423003625654,1.0,2,1
1,1,2,0,1,-0.9899205787161682,-0.4622225301031043,1.2829257690251297,-0.139517108600994,1.0,1,1
0,0,2,1,1,0.8899195933196713,-0.6143513175248432,0.15941131446939397,-0.7249035782555138,1.0,1,1
1,1,1,1,1,-0.8970578064041885,-0.593743412478064,-0.4589571062550806,0.4458693610535258,1.0,2,1
1,0,2,1,0,0.2789871489696338,0.05680912491228809,0.8735832933342802,-0.139517108600994,1.0,0,1
0,1,0,0,0,0.09370393192463301,1.300335302203486,0.9171303652162854,-0.139517108600994,1.0,2,1
0,1,0,0,0,0.11360867297777522,0.47533445232411947,-0.7986242669347217,-0.7249035782555138,0.0,2,0
0,1,1,0,0,-0.06800582708880325,-0.7581958640473784,0.9693868514746917,-0.139517108600994,1.0,0,1
0,0,3,1,1,0.6288162253872767,0.3603135869467472,1.4484046421767496,-0.7249035782555138,0.0,2,0
0,1,3,0,1,-1.5378083334299135,-0.36356475212167966,-1.4344115164119984,-1.3102900479100337,1.0,1,1
0,0,1,1,1,1.3355776387552525,-0.3887597988233898,-1.3211891295187848,1.6166423003625654,1.0,1,1
0,1,1,1,0,-1.0831476207990551,1.3566133684774146,1.4135669846711454,-1.3102900479100337,1.0,1,1
0,1,0,0,1,1.057587765014375,0.5284631377603343,0.9606774370982907,-0.7249035782555138,1.0,2,1
1,0,3,1,1,-0.13589010082429082,0.6845628836296253,-0.40670061999667434,-0.7249035782555138,1.0,1,1
0,1,2,0,1,-0.16386081537609193,-0.11168274990539832,0.5513349614074413,-1.3102900479100337,1.0,1,1
0,1,0,0,0,1.235429471025129,0.4966954701799172,0.2987619444918108,0.4458693610535258,0.0,1,0
1,0,1,0,1,-1.2905211975226412,1.7477527755613003,0.37714667387942025,0.4458693610535258,1.0,1,1
0,1,3,0,0,0.9116717024966999,-1.0112417678775973,1.4658234709295517,0.4458693610535258,1.0,1,1
1,1,2,0,0,1.7196740929075205,-0.8521980355730523,1.6313023440811716,-0.7249035782555138,1.0,1,1
1,1,2,1,0,-1.703941368232937,1.5767961679140987,-1.565052732058014,-0.139517108600994,1.0,2,1
0,1,0,1,0,-0.6303602955614337,-1.5984643645095749,0.15070190009299292,-0.7249035782555138,1.0,1,1
1,0,3,1,1,-1.1248304902985764,0.7691853774429777,0.3161807732446129,-0.139517108600994,1.0,1,1
1,0,3,0,0,1.4290908928009949,-0.40881998546361004,1.7793623884799894,-1.3102900479100337,1.0,0,1
1,1,1,0,0,-0.9458179171670493,-0.8455569498935254,-0.8073336813111227,1.6166423003625654,1.0,2,1
1,0,3,0,1,0.630455439356359,1.3153290935830364,-1.4082832732827952,-0.139517108600994,1.0,2,1
0,1,3,1,1,-1.4285013828884099,0.6015835450359496,1.6835588303395779,0.4458693610535258,1.0,2,1
1,0,0,0,0,1.0012300276011645,1.268636099423889,-1.538924488928811,-0.7249035782555138,1.0,2,1
0,1,3,1,1,1.6369328163728902,-0.2157492471515923,-0.4850853493842838,-1.3102900479100337,1.0,1,1
1,1,2,1,0,-0.732798158994402,1.1404015274882828,1.187122210884718,0.4458693610535258,1.0,1,1
1,1,0,0,0,-1.1559755557111402,-1.456879156414095,-0.23251233246865333,-1.3102900479100337,1.0,0,1
1,1,0,0,0,0.18940280459581862,0.330599863390926,1.021643337733098,1.6166423003625654,1.0,0,1
1,1,1,1,0,-0.9697556449695209,0.20346072826843775,-0.8073336813111227,-0.7249035782555138,0.0,2,0
0,1,3,0,1,-1.0307708315964732,-1.151868468761599,-0.7289489519235133,-0.7249035782555138,1.0,0,1
0,0,1,1,0,-0.9114724816243726,-0.15618487043831022,1.3090540121543328,1.6166423003625654,0.0,0,0
1,1,2,0,1,1.3454389418390966,0.36921401105332957,-0.17154643183384596,-0.7249035782555138,0.0,2,0
1,0,0,0,1,-0.32000245074851846,1.2425510103115205,0.3858560882558213,-0.139517108600994,1.0,2,1
0,1,0,1,1,-1.6251550206395846,-1.311939173078442,-0.2673499899742575,-1.3102900479100337,1.0,0,1
1,0,0,0,1,0.6474980607809447,1.1668289406047505,1.7445247309743852,0.4458693610535258,1.0,1,1
1,0,2,1,0,1.0128086024621428,1.5750845478936022,0.20295838635139923,1.6166423003625654,1.0,0,1
1,0,2,0,1,-1.6137065421253591,-0.2536787468057972,0.6210102764186497,-0.139517108600994,1.0,0,1
0,1,1,1,0,-0.6132916548674974,0.37606049113531603,0.6123008620422487,0.4458693610535258,1.0,1,1
0,1,1,1,1,0.642736534489801,0.031477148608938244,0.8648738789578791,0.4458693610535258,1.0,1,1
0,0,1,0,1,-0.9621840375885218,1.5031965070327444,0.7081044201826602,1.6166423003625654,0.0,2,0
1,1,3,1,0,1.4872699790687414,-0.9042997489969691,-1.6521468758220246,-0.139517108600994,1.0,2,1
1,0,0,0,0,1.615362842081315,1.3051963030616964,-1.4344115164119984,0.4458693610535258,1.0,0,1
0,1,0,0,0,-0.37081808379006975,-1.4199766287721882,1.1609939677555148,0.4458693610535258,1.0,1,1
0,0,1,0,1,-1.523471716017781,0.41063521554934757,-0.3805723768674712,-0.139517108600994,1.0,2,1
0,0,0,1,1,-0.2383019449879087,0.45041326482568883,-1.4344115164119984,-0.7249035782555138,1.0,0,1
0,1,1,1,0,0.8084532609832161,-1.041160885835878,1.021643337733098,0.4458693610535258,0.0,1,0
1,0,3,0,0,-0.9247162897237835,-1.241283498632342,-1.1121631844851594,-1.3102900479100337,1.0,0,1
0,1,3,0,0,-0.044614503942692355,-0.3903344892422467,1.4222763990475464,-0.139517108600994,1.0,2,1
1,0,2,1,0,-0.12308862030383858,0.4777991851536346,-1.4953774170468057,0.4458693610535258,1.0,2,1
0,0,3,0,1,-0.0551783272990005,-1.214034507906036,0.5164973039018371,1.6166423003625654,0.0,1,0
1,1,1,0,0,-1.505544439435278,-1.1463912846960098,0.3684372595030192,-1.3102900479100337,1.0,0,1
0,1,3,1,0,-0.9775093872359737,-0.16159358970307952,0.2987619444918108,0.4458693610535258,1.0,1,1
0,1,2,0,0,1.4996551512795853,1.3361423930322753,-1.565052732058014,-1.3102900479100337,1.0,2,1
0,0,0,1,0,0.6223634465883495,-0.39923491334882905,1.0477715808623012,-1.3102900479100337,1.0,2,1
0,1,1,0,1,0.9201539843049671,-0.4106000702849265,-1.2515138145075764,-0.7249035782555138,1.0,0,1
1,0,0,1,0,0.46671617733358267,0.9501378460098795,-0.6505642225359037,-1.3102900479100337,1.0,0,1
0,0,2,0,1,0.5903597452872189,0.3789360127697503,-1.2079667426255711,-0.7249035782555138,1.0,0,1
1,1,2,0,0,0.7490512690559957,0.9732104838861738,-0.4763759350078828,-0.139517108600994,1.0,1,1
1,1,2,1,0,1.285412487447464,1.6724414946594495,-1.2166761570019722,-0.7249035782555138,0.0,0,0
1,0,0,0,1,-0.4500207396930303,0.953355691648413,-1.2950608863895816,1.6166423003625654,1.0,0,1
1,0,0,1,0,1.555310368420332,0.4766352835396969,0.9606774370982907,0.4458693610535258,1.0,2,1
0,1,0,0,1,-0.042246750431795696,-0.46667274215639554,-1.2166761570019722,-0.139517108600994,1.0,2,1
1,1,0,1,1,0.7012278519897535,-1.3495948135293674,-1.03377845509755,-0.139517108600994,1.0,0,1
1,1,2,1,0,-0.928749276473113,-0.44182001945878474,-1.2776420576367795,1.6166423003625654,0.0,0,0
1,1,2,1,1,1.018558860988606,-0.7486792567334172,-1.565052732058014,-0.7249035782555138,1.0,2,1
0,1,1,1,1,1.542066560320921,0.5338033922242837,-0.24122174684505437,0.4458693610535258,1.0,0,1
0,0,1,0,1,1.5781292676407315,-1.2363540329733116,-0.7899148525583206,-0.7249035782555138,1.0,1,1
0,0,0,0,1,-0.6015049258517151,0.23721387507263092,0.7603609064410665,-1.3102900479100337,1.0,1,1
0,0,3,1,1,0.3425262047235857,-0.05341920440769368,0.5687537901602434,-0.7249035782555138,1.0,1,1
1,0,3,1,1,-0.6861716283182834,-1.2376548641888891,1.2567975258959263,-0.139517108600994,1.0,0,1
1,1,2,1,1,1.1483950150476643,1.5806986615608312,1.4222763990475464,0.4458693610535258,1.0,2,1
0,1,2,0,1,-0.11936786478671527,-1.2753789694406343,1.7880718028563904,-0.7249035782555138,0.0,0,0
1,1,2,0,0,1.6195779637160983,-1.2934536768570786,-0.4763759350078828,0.4458693610535258,1.0,0,1
1,0,1,0,0,0.8328853549033476,0.6903139268984939,-0.25864057559785647,0.4458693610535258,1.0,2,1
1,0,1,0,1,1.49887457319907,0.8279966413472413,1.692268244715979,-1.3102900479100337,0.0,2,0
0,1,2,1,0,0.5348086052238744,1.4419889750997856,-0.7115301231707112,-1.3102900479100337,1.0,2,1
0,1,2,1,1,-1.528389357925028,1.747341986756381,-0.7899148525583206,-0.139517108600994,1.0,1,1
1,0,2,1,1,-0.48899760518009827,1.7659644125793843,-1.53021507455241,1.6166423003625654,1.0,0,1
0,0,3,0,0,-0.7984447755657456,-1.3986156109163905,0.6558479339242539,0.4458693610535258,1.0,2,1
0,1,1,0,1,-1.2618739819677267,-0.10175535378651798,-0.0931617024462365,1.6166423003625654,1.0,0,1
0,1,3,0,1,-0.1531408764036807,-1.3041341857849775,1.5616270290699632,-0.139517108600994,1.0,1,1
0,0,3,1,1,1.1074146658206068,-0.09128023926107873,-1.4692491739176026,0.4458693610535258,0.0,1,0
0,1,2,1,1,-0.69158363634319,-0.5769010714763773,-1.4257021020355973,0.4458693610535258,1.0,2,1
1,1,2,0,0,1.2317347347773564,0.7356376250412441,-0.18896526058664806,1.6166423003625654,1.0,2,1
0,1,0,1,1,0.1006510768412199,-0.5150088915352198,0.30747135886821186,-0.7249035782555138,1.0,0,1
1,0,0,0,1,-1.4609213924991487,-0.14748984073418744,1.6138835153283695,-1.3102900479100337,1.0,2,1
1,0,3,0,1,0.7755388852548176,-0.39711250452341323,-0.0409052161878302,-0.7249035782555138,1.0,0,1
0,0,1,1,0,-0.5155112406482707,1.4143976603693804,1.335182255283536,1.6166423003625654,1.0,2,1
1,0,2,0,1,1.549430013547116,-1.0495820563367215,0.32489018762101396,-1.3102900479100337,0.0,0,0
1,0,2,1,0,0.620255885770958,1.4256258877038381,1.1174468958735095,-0.7249035782555138,1.0,0,1
1,0,3,0,0,-1.010709974927228,1.512986973549985,1.2829257690251297,-1.3102900479100337,1.0,0,1
0,0,0,1,1,0.11626263845152751,-0.7392311142202759,-0.6418548081595027,0.4458693610535258,1.0,0,1
0,1,1,1,1,-0.700872515501323,1.270142325041926,-0.3196064762326638,-0.7249035782555138,1.0,1,1
1,1,0,1,0,-0.2662206210010088,1.4212441404513667,0.6906855914298581,-1.3102900479100337,1.0,0,1
0,1,0,0,1,1.0350810970261815,-1.1606319632665416,-0.15412760308104387,-1.3102900479100337,1.0,2,1
0,1,0,0,0,0.7102825577237318,-1.3849911155532375,-0.7724960238055185,-1.3102900479100337,1.0,1,1
0,1,0,1,0,1.766248585044938,-0.07587565907660922,-0.8770089963223311,-0.7249035782555138,1.0,1,1
0,1,2,1,1,0.29454667204124035,0.6993512806067159,-0.0583240449406323,-0.139517108600994,1.0,0,1
1,1,2,0,1,0.7238646163246995,-1.3843064675450387,0.7864891495702696,-0.7249035782555138,1.0,1,1
1,0,0,0,0,-0.01833504189867455,-0.5291126405041119,-0.10187111682263755,1.6166423003625654,1.0,0,1
0,0,1,0,0,0.8674389446008284,0.9477415779811842,-0.1976746749630491,-0.7249035782555138,0.0,2,0
0,1,3,1,0,0.47951765785403494,1.6938025125152472,-0.049614630564231245,-1.3102900479100337,1.0,0,1
1,1,1,0,0,0.31596053071671226,-0.7116397994898706,-0.15412760308104387,0.4458693610535258,1.0,1,1
1,0,1,0,1,-0.9057222230979093,-0.6768596806733794,0.2552148726098055,-0.7249035782555138,1.0,2,1
0,1,1,1,1,1.52983750372618,0.840731094299736,0.3510184307502171,-0.7249035782555138,1.0,0,1
1,1,0,0,1,1.414884371735615,-1.561972625672587,-0.2673499899742575,-1.3102900479100337,1.0,2,1
0,0,2,0,1,0.27635920276523196,-1.3542504199851182,-0.511213592513487,0.4458693610535258,1.0,2,1
0,1,1,0,1,-0.728739152975722,-0.09244414087501641,1.7271059022215831,0.4458693610535258,1.0,1,1
1,0,0,1,0,-0.5646356211820386,-1.4833065695305627,0.2726337013626076,1.6166423003625654,0.0,2,0
1,1,1,1,1,0.9067540605894531,-0.011176422301837314,-0.345734719361867,-0.7249035782555138,1.0,1,1
0,0,1,1,1,1.559525490055115,1.5881613248501962,-1.3908644445299931,0.4458693610535258,1.0,2,1
0,0,0,1,1,-1.2919522573369193,-1.3355595293612952,-1.19925732824917,0.4458693610535258,1.0,0,1
1,0,2,1,1,0.36688024083566556,1.004430433060032,-1.6173092183164204,-0.139517108600994,0.0,2,0
0,1,2,1,1,0.8574475451702315,-0.42223908642430347,0.4468219888906287,-0.139517108600994,1.0,0,1
1,0,3,1,0,-0.26325442429505036,-1.3553458567982362,1.0477715808623012,0.4458693610535258,1.0,0,1
0,1,0,0,0,0.44012448405735877,0.09959962542470337,-0.5808889075246954,1.6166423003625654,1.0,2,1
1,1,3,0,0,1.1085334944026788,-0.4493511475489698,-1.5737621464344151,0.4458693610535258,1.0,0,1
1,1,3,1,1,-0.19893479046058302,0.6067184050974394,-1.538924488928811,-1.3102900479100337,1.0,2,1
1,1,3,0,0,-0.5752775023463983,0.7532330788519493,0.13328307134019082,-0.7249035782555138,0.0,2,0
0,0,2,0,0,-1.0996698568366308,-0.8824594775354323,-1.3037703007659827,1.6166423003625654,1.0,0,1
0,0,0,1,1,0.7371084244241104,0.695791110964083,1.5703364434463642,-1.3102900479100337,0.0,0,0
1,1,3,0,1,0.5153461917496909,-0.6945920640857243,-0.5025041781370859,1.6166423003625654,1.0,1,1
0,1,0,0,1,-0.04222073116244519,0.429120711770711,0.30747135886821186,-1.3102900479100337,1.0,0,1
1,0,0,0,0,1.3945112838341636,0.8924904837195536,-0.7115301231707112,-0.7249035782555138,1.0,1,1
1,1,2,0,0,-0.25810260896364884,-0.4672889253637743,0.9955150946038949,-0.7249035782555138,1.0,0,1
0,0,3,0,1,-0.546734363868886,1.4287752685415518,-0.2847688187270596,-0.139517108600994,0.0,2,0
0,1,3,1,1,-1.1730441964050764,0.05242737765981676,1.20454103963752,-1.3102900479100337,0.0,0,0
1,1,0,1,0,-0.20416466360003607,-0.3049588826198757,0.6210102764186497,-0.139517108600994,0.0,2,0
0,0,1,1,0,1.123260400855069,-0.6274280944814372,0.28134311573900866,-1.3102900479100337,1.0,2,1
0,1,2,0,1,-1.610506171995246,-1.2084888590396268,0.21166780072780028,-0.139517108600994,1.0,2,1
1,0,2,1,1,-1.004517388821806,0.9777976255411047,-1.2863514720131806,-0.7249035782555138,1.0,1,1
1,1,2,0,0,0.04187354737841177,0.8965983717687455,0.18553955759859714,1.6166423003625654,0.0,0,0
0,1,2,0,1,0.03281884164443336,-0.20239861099171874,-1.164419670743566,-0.139517108600994,1.0,2,1
1,1,3,0,0,-1.4816587501715073,1.7672652437949616,-0.5286324212662891,-1.3102900479100337,1.0,2,1
1,0,3,0,0,-1.476767127533611,0.7578886853077,-0.7724960238055185,-1.3102900479100337,1.0,1,1
0,1,1,1,0,0.4770718465350867,-0.923059104421612,0.02006068444697716,-0.7249035782555138,1.0,0,1
1,1,2,1,0,0.42388845998263885,-0.9885799188062222,-0.31089706185626276,-1.3102900479100337,0.0,0,0
1,1,2,0,1,-0.9347597276930814,-0.7560734552219626,-0.8247525100639248,0.4458693610535258,1.0,1,1
0,1,0,1,1,1.012262197805782,-1.29276902884888,0.29005253011540977,1.6166423003625654,1.0,1,1
0,0,3,0,0,-1.4611035273846023,-0.8324801729369313,0.10715482821098767,-0.139517108600994,1.0,0,1
1,0,2,1,0,-0.23947281210868177,1.148274979582567,-0.9902313832155447,1.6166423003625654,1.0,1,1
1,1,1,1,0,0.935479333952419,1.1601878549252236,-0.5983077362774974,-0.7249035782555138,1.0,0,1
0,0,1,0,0,0.5866910283087966,1.5800824783534524,0.22037721510420133,-0.139517108600994,1.0,0,1
0,1,3,1,0,-0.6330402803045364,-0.4372328778038538,-1.6434374614456235,-0.139517108600994,0.0,2,0
0,1,1,0,1,-0.2732978622643482,-0.27394432784847705,-0.8944278250751332,0.4458693610535258,0.0,2,0
0,1,1,1,1,0.6698746324223857,-0.805368111812265,-0.7724960238055185,-0.7249035782555138,1.0,0,1
1,0,3,0,1,-0.6989731088387355,0.7432372179322491,1.7445247309743852,-1.3102900479100337,1.0,0,1
0,0,2,0,1,-1.1428618439584817,0.4678033242339344,-0.6418548081595027,0.4458693610535258,0.0,0,0
0,0,2,1,0,0.7657556399790248,0.6582039353139775,-0.519923006889888,0.4458693610535258,1.0,0,1
1,0,1,1,0,1.4849282448271952,-1.1987668573232062,1.0390621664859,1.6166423003625654,1.0,0,1
0,0,1,0,0,0.06258488578141987,0.30513095748593644,-0.8421713388167269,1.6166423003625654,1.0,0,1
1,0,2,1,0,1.782380532042256,-1.1708332185887014,1.20454103963752,1.6166423003625654,1.0,1,1
0,0,3,1,0,0.3760130043776955,-0.05170758438719707,-0.4328288631258775,0.4458693610535258,1.0,0,1
0,0,1,0,1,0.291788629490086,-0.6947974584881839,0.830036221452275,-1.3102900479100337,0.0,1,0
0,0,0,0,0,0.05319192954588479,0.3511393036368854,-1.4344115164119984,-0.139517108600994,1.0,1,1
1,1,3,1,1,1.3421865331702827,0.36962479985824875,0.7429420776882644,1.6166423003625654,1.0,0,1
1,0,1,0,1,1.1221155530036464,-1.455441395596878,0.3510184307502171,-1.3102900479100337,1.0,0,1
0,0,1,0,1,-1.212957755588763,0.7588471925191782,-1.53021507455241,-0.7249035782555138,1.0,1,1
1,0,0,0,1,-1.0100334739241146,1.7046199510447857,-1.164419670743566,1.6166423003625654,1.0,1,1
1,0,0,1,0,1.3028974364510084,0.0563983361073689,-0.8944278250751332,-0.139517108600994,1.0,0,1
1,0,2,1,1,-1.1911015693343323,-1.4748853990297195,0.054898341952581364,-0.7249035782555138,1.0,0,1
1,0,3,0,1,-0.657732566918173,0.5589984389259939,1.4745328853059527,-0.7249035782555138,1.0,1,1
1,0,3,1,1,0.6196054040371952,1.0066897714870875,-1.4518303451648005,-0.139517108600994,0.0,1,0
1,0,2,0,0,1.3444502096037771,-0.9661919289381266,-1.4605397595412015,1.6166423003625654,0.0,1,0
0,0,3,1,0,0.8958780060009387,0.9514386772254568,1.7532341453507863,0.4458693610535258,1.0,2,1
0,0,3,0,0,-1.5752240427559507,-0.7670962881539607,0.9432586083454886,-0.139517108600994,1.0,1,1
1,0,3,0,1,-1.393687600497424,-0.9720799018086349,1.2742163546487286,-0.139517108600994,1.0,2,1
0,1,3,1,1,0.4414514667942349,1.1154118751890323,0.6471385195478528,-0.139517108600994,1.0,0,1
0,1,3,0,0,0.9063117330104943,-1.101889164163098,-0.10187111682263755,-0.7249035782555138,1.0,0,1
0,0,0,1,1,-1.458501600449551,1.0168225620084275,1.4571140565531506,-1.3102900479100337,1.0,1,1
0,0,3,1,0,1.0899036975477117,-1.1008621921508,-1.0860349413559562,0.4458693610535258,1.0,0,1
1,1,0,0,0,-1.231691629521132,0.7563139948888432,1.3787293271655412,1.6166423003625654,0.0,0,0
0,0,3,0,1,1.2365482996072013,-0.891702225646114,1.1174468958735095,1.6166423003625654,0.0,0,0
0,1,2,1,1,1.2817958090077426,-0.6703555245954923,-1.2515138145075764,-1.3102900479100337,0.0,0,0
1,1,1,0,1,-1.0913957291831677,-0.4125855495087026,-0.15412760308104387,-0.139517108600994,1.0,2,1
1,1,0,0,1,0.20280272831133264,0.8137559627767095,-1.2253855713783732,0.4458693610535258,1.0,2,1
0,1,3,0,0,0.995011422226392,0.8714033250670353,-0.7899148525583206,1.6166423003625654,1.0,1,1
0,1,2,0,0,-1.6555455272409834,0.09651870938780947,0.20295838635139923,1.6166423003625654,1.0,1,1
0,0,1,0,0,1.4051271457291727,0.7769218999356224,-0.0409052161878302,-0.139517108600994,1.0,1,1
0,1,0,1,0,0.37525844556653065,0.9070050214933648,-1.181838499496368,-1.3102900479100337,1.0,0,1
0,0,1,1,0,0.6907160671721463,-0.9124470602945329,-1.2689326432603785,0.4458693610535258,1.0,0,1
0,0,2,0,1,-0.031787004152889604,0.854903308069448,-0.29347823310346066,-1.3102900479100337,0.0,2,0
1,1,0,0,0,1.0028952608395973,0.30608946469741455,-0.16283701745744492,-1.3102900479100337,1.0,2,1
0,1,1,0,0,-0.8274822801609176,1.3219701792625633,0.42940316013782653,0.4458693610535258,1.0,1,1
0,0,3,1,0,-0.9857314763507358,0.7565878540921227,0.7777797351938686,0.4458693610535258,1.0,2,1
1,1,0,0,1,0.06370371436349191,-0.3890336580266692,0.4206937457614255,1.6166423003625654,1.0,2,1
1,1,1,1,1,0.09032142690906637,-0.3364526909970133,1.544208200317161,1.6166423003625654,1.0,2,1
1,0,2,1,1,-0.4366728545162173,-0.6896625984266941,-1.6347280470692225,0.4458693610535258,1.0,2,1
1,0,2,1,1,1.3912068366266486,1.1103454799283623,-0.9466843113335395,-0.7249035782555138,1.0,2,1
0,1,0,0,0,0.77108959019588,-1.3971093852983534,1.004224508980296,1.6166423003625654,1.0,1,1
0,0,1,1,0,-1.5353365028416148,-0.4653719109408181,1.4658234709295517,-0.7249035782555138,1.0,1,1
0,1,0,0,1,-0.7525728037007917,-0.5549923352140207,0.4816596463962329,0.4458693610535258,1.0,2,1
0,1,0,1,1,1.1299733723475012,1.6592277881012156,-1.2079667426255711,1.6166423003625654,1.0,1,1
0,1,1,0,0,0.0012054293835604658,-0.9110777642781357,-0.27605940435065857,-1.3102900479100337,0.0,0,0
0,0,1,1,0,-1.291119640717703,1.7530930300252499,0.29005253011540977,0.4458693610535258,1.0,2,1
1,0,3,0,1,1.1398346754313455,-1.5335597333323432,-1.547633903305212,-0.139517108600994,1.0,0,1
0,0,1,1,1,1.1639285188499202,-0.37801082509467104,0.2726337013626076,-0.7249035782555138,1.0,1,1
1,0,2,0,1,0.08522165011636589,-0.2160915711556916,-1.1470008419907636,0.4458693610535258,0.0,1,0
1,0,0,0,1,-0.2639569445675142,1.325667278506836,-0.6157265650302995,0.4458693610535258,0.0,0,0
0,1,0,0,0,0.32727891288418526,1.5194911296278721,0.7342326633118633,1.6166423003625654,1.0,1,1
1,1,2,0,0,-0.6129794236352912,0.8618867177530741,-1.2776420576367795,1.6166423003625654,1.0,2,1
0,1,1,1,0,-0.08096342322535856,-0.03924699063798174,1.718396487845182,1.6166423003625654,0.0,0,0
1,1,2,1,1,-1.3587957602983864,1.1681982366211476,0.8822927077106812,-0.139517108600994,1.0,2,1
0,0,2,0,1,-0.20491922241120092,-0.8467893163082829,-1.1382914276143625,1.6166423003625654,1.0,0,1
1,1,3,1,0,-1.5658831250591168,-0.4895399856302302,-0.9292654825807374,0.4458693610535258,1.0,1,1
0,0,2,0,0,-0.957422511297378,-1.3880035667893114,0.15070190009299292,1.6166423003625654,0.0,0,0
0,1,0,0,0,0.27594289445562376,1.0811794747791,-0.9989407975919458,-1.3102900479100337,0.0,0,0
0,0,2,1,0,0.8712117386566527,0.1798403719855845,0.08102658508178452,1.6166423003625654,1.0,2,1
0,0,0,0,1,1.745172976871023,-0.1525562359948574,0.9519680227218896,-0.139517108600994,1.0,1,1
0,1,0,0,0,0.4964301829318682,0.29438198375721775,1.7793623884799894,-1.3102900479100337,1.0,2,1
1,1,0,1,0,-0.9956187987039306,-0.31153150349858266,0.26392428698620657,0.4458693610535258,1.0,1,1
1,1,1,0,0,-0.829069455591299,1.413028364352983,0.2552148726098055,0.4458693610535258,0.0,2,0
1,1,3,0,0,-1.145619886509636,-1.2073249574256892,-1.6521468758220246,-0.7249035782555138,1.0,0,1
0,0,0,0,0,0.32090419189330965,1.7291303497382973,-1.6260186326928214,-1.3102900479100337,1.0,2,1
1,1,0,0,0,-0.8222003684827636,1.152862121237498,-0.86829958194593,-0.7249035782555138,1.0,1,1
0,1,1,1,0,-0.4121366835186839,-0.4274424112866132,-1.6085998039400193,-1.3102900479100337,1.0,1,1
0,0,0,1,1,-0.9159738152220113,-1.4739953566190611,0.3684372595030192,-1.3102900479100337,1.0,0,1
1,1,2,1,1,1.6234808541186752,1.4017316722177053,-0.7376583662999143,-0.139517108600994,1.0,1,1
1,1,2,0,1,0.478606983426767,1.5759061255034406,-0.27605940435065857,-0.7249035782555138,1.0,2,1
0,1,3,0,1,1.3324032878944898,-0.8080382390442397,0.14199248571659187,-0.139517108600994,1.0,0,1
1,1,0,1,0,-1.617869625221441,0.359902798141828,0.41198433138502444,-1.3102900479100337,1.0,1,1
0,1,1,0,1,1.42224782496181,1.6402630382741132,1.20454103963752,0.4458693610535258,1.0,1,1
0,0,2,0,1,-0.48917974006555187,-0.8503494859509159,1.2219598683903221,-1.3102900479100337,1.0,2,1
0,1,1,0,0,-0.2974177249522735,-1.011447162280057,-1.2428044001311753,-0.139517108600994,0.0,2,0
0,1,1,0,0,0.7326331100958222,-0.04712044273226615,-1.5824715608108162,-0.7249035782555138,0.0,0,0
0,1,2,1,1,-0.327287846166662,-0.6735049054332061,1.3787293271655412,-0.7249035782555138,0.0,1,0
1,1,1,1,1,0.47275264782290166,-1.5480742711061546,-0.3196064762326638,-0.139517108600994,1.0,2,1
1,1,2,1,0,-1.1023498415797335,-0.7934552364696086,-1.0686161126031541,-0.7249035782555138,0.0,0,0
0,0,1,0,1,0.4610179573458204,0.17107687748064185,-0.20638408933945016,1.6166423003625654,1.0,1,1
0,1,2,1,0,-1.0545264245134913,1.716601291188262,0.6906855914298581,0.4458693610535258,1.0,1,1
1,0,0,1,0,1.6834032314329057,0.40830741232147216,-1.0860349413559562,0.4458693610535258,1.0,0,1
1,0,3,0,0,0.12755500134965,-0.4177888743710123,1.4135669846711454,0.4458693610535258,1.0,0,1
0,1,2,0,0,0.7581319940593246,1.7098917407079153,0.5164973039018371,-0.7249035782555138,1.0,2,1
1,1,2,1,1,-0.0738601626926686,-1.2184162551585072,-1.2602232288839774,-0.7249035782555138,1.0,1,1
0,1,3,1,0,-1.5000543736023197,-0.35986765287740696,-0.0757428736934344,-1.3102900479100337,1.0,1,1
1,1,2,1,0,-1.1244141819889684,1.2923933853083818,1.1087374814971085,-1.3102900479100337,1.0,1,1
0,0,2,1,1,-0.5903166400309946,1.1096608319201637,-0.049614630564231245,0.4458693610535258,1.0,0,1
1,1,1,0,0,1.756751551732001,-1.1277003940721868,-0.8944278250751332,1.6166423003625654,1.0,2,1
0,1,3,1,1,1.1252899038644089,1.2884224268608298,1.213250454013921,-1.3102900479100337,1.0,1,1
1,1,0,1,1,-1.026451632884288,-0.2561434796353123,-0.4676665206314817,-1.3102900479100337,0.0,0,0
1,1,2,0,1,-1.5753541391027035,0.6620379641598898,1.4309858134239475,-0.7249035782555138,0.0,1,0
0,1,3,1,0,1.3534008382603535,0.3208093968736854,-0.9031372394515342,1.6166423003625654,1.0,2,1
1,1,1,0,1,0.7596931502203554,-1.2931798176537992,0.7081044201826602,0.4458693610535258,1.0,1,1
0,0,0,0,1,-1.6343138034509652,0.053591279273754455,-1.5127962457996078,-1.3102900479100337,1.0,2,1
1,0,3,0,0,0.08506553450026282,1.2732917058796396,1.030352752109499,1.6166423003625654,0.0,2,0
0,1,0,1,1,-0.5732479993370583,-1.0915509792392983,1.4396952278003485,1.6166423003625654,1.0,1,1
1,1,0,1,1,-0.5940113762787674,1.612534793942068,1.5790458578227653,0.4458693610535258,1.0,1,1
0,1,0,0,1,1.5633763419189908,0.9369926042524654,-0.33702530498546596,1.6166423003625654,1.0,2,1
1,0,2,1,1,-1.2640596005931697,-1.160426568864082,1.718396487845182,1.6166423003625654,1.0,0,1
0,1,2,1,1,-1.5122313916583596,1.7509021563990141,0.5861726189130455,1.6166423003625654,1.0,2,1
1,0,1,0,0,0.03914152409660794,0.15697312851174977,-0.7376583662999143,-1.3102900479100337,0.0,1,0
0,1,1,0,1,-0.08395563920066751,-0.8020133365720916,1.5529176146935622,0.4458693610535258,1.0,1,1
0,1,3,1,1,-0.5216257689456412,0.19695657219055063,0.8039079783230717,1.6166423003625654,1.0,0,1
0,1,1,0,0,1.73944873761391,-0.3318655493420824,-1.164419670743566,1.6166423003625654,0.0,2,0
1,1,0,1,0,0.7004993124479391,-0.643722717076565,-0.5895983219010964,-1.3102900479100337,0.0,2,0
0,0,0,1,0,0.9796600533095895,-1.4631779180895226,1.4048575702947443,0.4458693610535258,1.0,2,1
1,0,2,1,1,1.7064302848081094,-0.34124522705440385,0.6993950058062591,-0.7249035782555138,1.0,1,1
0,1,0,1,0,-1.1962533846657337,-0.10189228338815771,-0.7463677806763154,-1.3102900479100337,1.0,2,1
1,1,3,0,1,0.21716536499281566,-1.1794597834920044,0.9258397795926865,0.4458693610535258,0.0,0,0
0,0,0,0,1,-1.5027343583454225,-1.0423932522506356,0.45553140326702973,1.6166423003625654,1.0,1,1
1,0,0,0,0,-0.41416618652802384,-1.0614949316793778,1.2480881115195253,0.4458693610535258,0.0,1,0
1,0,3,0,0,-0.6205770502856409,0.563996369385844,0.47295023201983183,0.4458693610535258,1.0,2,1
0,0,1,1,1,0.7908121963635686,0.2871247148703121,-1.6085998039400193,0.4458693610535258,1.0,0,1
1,1,1,1,0,-1.5690574759198794,-0.025143241669089662,-0.4502476918786796,-0.7249035782555138,1.0,1,1
1,0,3,0,1,1.7709840920667315,0.4698572682585303,1.4745328853059527,0.4458693610535258,1.0,1,1
0,1,2,1,0,-0.6469866086764112,-1.557933202424215,-1.6085998039400193,-0.7249035782555138,1.0,2,1
1,0,0,1,0,-1.2221165384001433,-1.1913726588346607,1.3874387415419422,1.6166423003625654,1.0,2,1
1,0,3,1,0,0.9942828826845777,-1.1773373746665885,-0.859590167569529,-0.7249035782555138,1.0,0,1
1,0,0,0,1,-0.4774970881271717,-0.3245398156543569,1.1174468958735095,1.6166423003625654,0.0,2,0
0,0,2,0,0,-1.2639555235157678,0.12541085533379226,-1.3386079582715869,1.6166423003625654,1.0,0,1
1,0,0,0,1,0.9536928224977779,-0.20554799182943248,-0.9728125544627426,-0.7249035782555138,1.0,1,1
0,1,3,1,1,-0.9098592869246408,-0.5865546083919781,-0.049614630564231245,-1.3102900479100337,1.0,0,1
1,1,0,0,1,1.5260647096703557,-1.2269743552609902,-0.9466843113335395,-0.139517108600994,1.0,0,1
1,0,1,0,1,1.2933743838687208,0.7643243765847674,-0.9118466538279353,0.4458693610535258,1.0,0,1
1,0,2,0,0,0.027484891427578265,0.8924220189187337,0.42940316013782653,-0.139517108600994,1.0,1,1
0,1,2,0,1,-0.005793754071727443,1.1213683128603604,1.3003445977779318,0.4458693610535258,0.0,2,0
1,0,2,0,1,-0.39158146073177885,1.281712876380483,-0.86829958194593,0.4458693610535258,1.0,1,1
1,0,3,0,0,1.768278088054278,1.4776591363269351,-0.9292654825807374,1.6166423003625654,1.0,2,1
0,1,2,1,1,1.1926277729435357,0.28589234845555456,-1.2950608863895816,0.4458693610535258,1.0,0,1
1,0,1,1,0,-0.9737105739107988,-1.3901259756147273,-0.4850853493842838,0.4458693610535258,1.0,0,1
0,0,3,0,1,1.4866715358736795,-0.5266479076745968,-1.03377845509755,-0.7249035782555138,1.0,0,1
0,1,1,0,0,0.8219052232374312,-1.4506488595394875,-1.36473620140079,-0.139517108600994,0.0,0,0
1,1,0,1,1,-1.0075356240664652,-1.4794040758838305,-0.7986242669347217,-0.7249035782555138,0.0,0,0
0,1,0,1,0,-1.2314574560969773,-0.8645216997206279,-0.3196064762326638,0.4458693610535258,1.0,2,1
1,0,0,0,1,0.5788071896955913,-1.0258932352530483,0.5426255470310403,1.6166423003625654,1.0,2,1
0,1,0,0,1,-0.08739018275493518,-0.15337781360469577,-0.18896526058664806,-0.7249035782555138,1.0,0,1
0,1,1,0,0,-0.9521926381579249,-1.2352585961601938,0.20295838635139923,-0.7249035782555138,1.0,1,1
1,1,3,0,0,-0.5921900274242315,-0.887183548792003,-0.1976746749630491,-1.3102900479100337,1.0,1,1
0,1,3,1,0,0.42310788190212345,1.5810409855649303,0.5164973039018371,0.4458693610535258,1.0,0,1
0,1,2,0,0,0.6474980607809447,-0.9565383920225257,1.4571140565531506,1.6166423003625654,1.0,2,1
0,1,1,0,1,-1.5441570351514387,-1.279144533485727,1.1261563102499106,-0.7249035782555138,1.0,1,1
0,0,0,0,1,-1.5170709757575551,-1.5884000387890547,-1.19925732824917,-0.7249035782555138,1.0,1,1
0,0,1,0,0,0.6597271173756857,1.3972814601644141,-0.8857184106987321,1.6166423003625654,1.0,1,1
1,1,2,1,1,1.6574099813517436,-0.4637972205219612,0.7429420776882644,0.4458693610535258,1.0,0,1
0,1,2,1,0,-1.2022117973470012,0.17744410395688925,-0.7986242669347217,-1.3102900479100337,1.0,1,1
1,1,1,1,0,-1.647401495934273,-1.0303434473063395,-0.3283158906090649,-0.7249035782555138,0.0,1,0
0,0,1,0,1,-0.09415519278606849,-1.6022299285546673,1.6051741009519684,-1.3102900479100337,1.0,1,1
1,0,1,0,1,0.8378550353492955,-1.5871676723742971,1.361310498412739,-0.139517108600994,1.0,1,1
1,0,3,1,1,-1.2275025271556994,-0.9466109959036453,1.4919517140587548,0.4458693610535258,1.0,2,1
0,0,0,0,1,-0.2584408594652055,-0.2533364228016979,-0.4502476918786796,-0.139517108600994,0.0,0,0
0,0,1,0,1,-0.5469685372930405,0.7431687531314293,-0.17154643183384596,-0.139517108600994,1.0,0,1
0,0,1,1,1,-0.5312789178746814,0.48704193326431633,-1.5911809751872172,-0.139517108600994,1.0,2,1
1,0,1,1,1,0.5436291375336981,0.16012250934946354,0.30747135886821186,0.4458693610535258,1.0,2,1
0,0,2,1,0,-0.38981215041594397,-0.5165151171532568,0.6297196907950507,0.4458693610535258,1.0,0,1
1,0,2,1,0,0.09193462160879816,0.9743743855001115,0.4816596463962329,1.6166423003625654,0.0,1,0
1,1,3,0,0,-1.366289309871334,0.22057692847340385,0.47295023201983183,-1.3102900479100337,1.0,1,1
1,1,0,0,0,1.5824224470835662,-0.702260121777549,-0.3283158906090649,-1.3102900479100337,0.0,0,0
0,1,3,1,0,0.46330765304866556,1.087204377251248,-1.382155030153592,1.6166423003625654,0.0,1,0
0,1,0,0,1,-1.33462385907176,-0.2729173558361791,-0.5547606643954922,1.6166423003625654,0.0,2,0
1,0,2,1,0,1.1974413377733806,-0.22738826329096926,-0.2847688187270596,-0.139517108600994,1.0,1,1
1,0,2,1,0,0.07863877497068618,0.7790443087610381,-0.9031372394515342,1.6166423003625654,1.0,1,1
0,1,2,0,0,1.4576600505478579,-0.9661234641373067,-0.86829958194593,-0.7249035782555138,1.0,1,1
1,0,3,1,0,-0.00045980385487234517,1.5952131993346423,1.1697033821319158,-1.3102900479100337,1.0,0,1
0,1,1,0,0,0.7925554874100529,1.4483562015760332,0.4206937457614255,1.6166423003625654,1.0,2,1
1,0,1,0,0,0.32803347169535013,1.1045259718586737,1.1348657246263116,-0.7249035782555138,1.0,1,1
0,1,2,0,0,0.09458858708255045,-0.2959215289116536,-0.6592736369123048,-0.7249035782555138,1.0,0,1
1,0,1,0,1,0.7186087239158959,-0.7591543712588564,-0.859590167569529,-0.7249035782555138,1.0,1,1
0,0,1,1,1,0.2190907909247536,1.7417278730891523,-0.25864057559785647,-0.7249035782555138,0.0,2,0
1,1,3,0,0,-0.9106658842745067,-0.3142016307305574,-0.8160430956875238,-0.139517108600994,1.0,1,1
0,0,0,1,1,0.11842223780762005,-1.5221945763962457,-0.694111294417909,-0.7249035782555138,0.0,2,0
0,1,2,1,1,-0.439040608027114,-0.5948388492911818,1.4484046421767496,-0.139517108600994,1.0,1,1
1,1,2,1,1,0.04195160518646331,0.11582578321901124,-0.8857184106987321,-0.139517108600994,0.0,2,0
1,1,3,1,1,0.8978554704715777,0.8138928923783492,1.335182255283536,-0.7249035782555138,1.0,1,1
0,1,3,0,0,-1.4271744001515336,1.3440158451265596,0.11586424258738873,-1.3102900479100337,1.0,2,1
1,0,1,0,1,-0.7240556844926298,0.2016121786463014,-1.53021507455241,-0.7249035782555138,0.0,1,0
0,0,2,1,1,-0.04612362156502209,-0.9107354402740363,0.7081044201826602,-0.7249035782555138,1.0,1,1
1,0,0,1,1,-1.2214140181276796,1.0567375408864084,-0.17154643183384596,-0.7249035782555138,0.0,0,0
0,1,3,0,0,-0.04633177571982619,-1.5336281981331632,-0.6679830512887058,-1.3102900479100337,1.0,0,1
0,0,0,1,0,-1.4666456317562615,0.08912451089926411,1.361310498412739,0.4458693610535258,1.0,2,1
0,1,0,0,0,0.3397161236337303,0.1972304313938301,-0.10187111682263755,0.4458693610535258,1.0,1,1
0,0,2,1,0,-1.5579472479072105,-1.49474019126748,-0.8857184106987321,-0.139517108600994,1.0,2,1
0,0,2,0,0,0.8018443665681859,-1.3631508440917006,-0.9641031400863416,-0.139517108600994,1.0,0,1
0,0,3,1,0,0.7983577844752172,-0.27011029900256467,1.1435751390027127,-1.3102900479100337,1.0,2,1
1,1,2,1,0,-1.2363750980042243,-0.8938246344715298,-0.6854018800415079,1.6166423003625654,1.0,2,1
1,0,2,0,1,-1.6878614597743202,0.3264235105409143,0.5600443757838424,0.4458693610535258,1.0,0,1
1,0,2,1,1,1.2732614886607745,1.4547918928531003,-1.173129085119967,-0.139517108600994,0.0,1,0
0,1,0,1,1,-0.9894262125985085,0.1742947231191755,-0.33702530498546596,0.4458693610535258,0.0,2,0
0,0,3,0,0,-1.5306530343585227,-0.45742999404571383,1.5006611284351559,-1.3102900479100337,1.0,0,1
0,1,1,1,0,-1.2271122381154418,-1.0855945415679702,-0.6679830512887058,-1.3102900479100337,1.0,1,1
0,0,0,0,0,-0.9505534241888426,0.13773451948136786,1.3090540121543328,1.6166423003625654,1.0,0,1
1,1,2,0,0,0.9045944612333605,-1.5290410564782322,0.6384291051714518,1.6166423003625654,1.0,2,1
1,1,0,1,0,0.4206100320444742,1.5444807819271227,1.0651904096151033,-1.3102900479100337,0.0,1,0
0,0,2,1,1,-1.3552311203973662,-1.4774870614608744,0.08973599945818557,-0.139517108600994,0.0,1,0
1,1,2,1,1,0.6642284509733244,-1.573543177011144,-1.3211891295187848,0.4458693610535258,1.0,0,1
1,1,0,1,0,-1.092878827536147,0.42097340047314713,-0.7637866094291175,-0.7249035782555138,1.0,0,1
0,1,3,1,0,-0.6161277552267033,1.7192029536194169,1.709687073468781,1.6166423003625654,1.0,0,1
1,1,2,1,0,-1.2227149815952052,-0.6604965932774318,1.6138835153283695,-0.7249035782555138,0.0,1,0
0,1,3,1,0,-1.1551949776306247,0.597817980990857,0.002641855694175058,-0.139517108600994,1.0,1,1
1,1,1,0,1,0.598789988556785,-1.5512921167446883,0.7429420776882644,1.6166423003625654,1.0,2,1
0,0,2,1,0,0.9939186129136705,0.9577374389008844,1.4048575702947443,-0.7249035782555138,1.0,1,1
0,1,3,0,0,1.7685903192864842,1.0334595086076546,0.3858560882558213,-0.139517108600994,1.0,2,1
0,1,3,1,0,0.16382586282426467,0.410429821146888,0.2465054582334045,0.4458693610535258,1.0,0,1
0,0,1,1,0,-0.12098105948644705,-0.7306045493169729,-1.0860349413559562,-0.139517108600994,0.0,0,0
1,0,3,0,1,1.4863332853721227,-1.1210593083926599,0.03747951319977926,1.6166423003625654,1.0,1,1
0,0,3,1,0,-0.8432239381179778,-0.7228680268243283,0.5513349614074413,-1.3102900479100337,1.0,0,1
0,0,1,1,0,0.26769478607151126,1.174633927898215,-0.4676665206314817,0.4458693610535258,1.0,0,1
0,0,2,0,1,-0.20354020113562377,0.997857812181325,1.0390621664859,-0.7249035782555138,1.0,1,1
1,0,3,1,1,-1.5335932117951305,-1.114007433908214,-0.3805723768674712,1.6166423003625654,1.0,2,1
0,0,3,1,1,-0.7196844472417436,0.3097180991408674,-0.8160430956875238,-1.3102900479100337,1.0,1,1
1,1,3,1,0,0.5150339605174847,-0.6855547103775022,-1.0163596263447479,-0.139517108600994,1.0,2,1
0,1,0,0,0,0.380045991127025,-1.4436654498558612,0.7777797351938686,-1.3102900479100337,1.0,1,1
1,0,1,1,1,-0.7269698426598872,-0.18226995955067857,1.5529176146935622,1.6166423003625654,1.0,1,1
1,1,0,1,1,-1.5382766802782228,-0.7222518436169495,-0.7289489519235133,1.6166423003625654,1.0,0,1
0,1,1,1,1,-1.4189523110367717,-1.4194289103656292,-0.0409052161878302,-1.3102900479100337,0.0,1,0
1,1,2,1,1,0.003729298510560195,1.0865197292430495,0.054898341952581364,-0.139517108600994,1.0,1,1
0,0,2,0,1,1.709552597130171,0.8936543853334913,0.9606774370982907,-1.3102900479100337,1.0,2,1
0,0,3,0,1,1.7515997364005995,0.8738680578965504,1.1697033821319158,1.6166423003625654,1.0,0,1
0,1,1,1,0,-1.6005928303727006,0.46869336664459266,-0.33702530498546596,1.6166423003625654,1.0,2,1
1,0,2,1,0,1.1401989452022527,1.6799041579488148,-1.3298985438951858,-0.7249035782555138,1.0,2,1
1,1,1,0,0,1.5480509922715389,-1.351374898350684,-0.519923006889888,-0.7249035782555138,1.0,0,1
0,1,2,0,1,0.6097961394920519,0.356890346905754,-0.5286324212662891,0.4458693610535258,1.0,0,1
0,1,0,1,1,-0.8396592982169576,-0.16823467538260636,0.7516514920646654,1.6166423003625654,1.0,0,1
